Tarefa,Equipamento,Responsável,Intervalo,Última,Vence,Prazo em 26/09/2026
Teste das bombas de porão e alarmes,Bombas de porão,técnico,mensal,01/08/2026,01/09/2026,ATRASADA · 25 D
Limpeza do filtro de água salgada da climatização,Climatização (fabricante SEM DADOS),marina,mensal,10/08/2026,10/09/2026,ATRASADA · 16 D
Inspeção do rotor (impeller) do gerador,Gerador Onan,técnico,12 meses,24/09/2025,24/09/2026,ATRASADA · 2 D
Limpeza de casco e troca de anodos,Casco,marina,6 meses,05/04/2026,05/10/2026,D-9
Troca de óleo e filtros dos motores,Motores Volvo Penta,oficina Volvo Penta,12 meses ou 450 h (o que vier antes),13/10/2025,13/10/2026,D-17
Revisão do gerador: óleo e filtros,Gerador Onan,técnico,12 meses ou 1.300 h,20/10/2025,20/10/2026,D-24
Anodo do trocador de calor do estabilizador,Estabilizador Seakeeper,técnico,6 meses,30/04/2026,31/10/2026,D-35
Verificação do banco de baterias e conexões,Sistema elétrico 24 V / 12 V,técnico,6 meses,15/05/2026,15/11/2026,D-50
Atualização de cartas e software dos eletrônicos,Eletrônicos Garmin,Lucas,12 meses,01/12/2025,01/12/2026,D-66
Revisão anual da climatização,Climatização (fabricante SEM DADOS),marina,12 meses,21/12/2025,21/12/2026,D-86
Revisão anual dos motores,Motores Volvo Penta,oficina Volvo Penta,12 meses,16/01/2026,16/01/2027,D-112
EPIRB: teste e validade da bateria — equipamento SEM DADOS,,,,,,SEM DADOS
Seafire: inspeção e validade da carga — SEM DADOS,,,,,,SEM DADOS
