Equipamento,Fabricante,Modelo,Quantidade,Guia de bordo
Motores,Volvo Penta,SEM DADOS,2,Guia de bordo (DEMO) — Motores Volvo Penta
Gerador,Onan,SEM DADOS,1,Guia de bordo (DEMO) — Gerador Onan
Estabilizador giroscópico,Seakeeper,SEM DADOS,1,Guia de bordo (DEMO) — Estabilizador Seakeeper
Climatização,SEM DADOS,SEM DADOS,SEM DADOS,Guia de bordo (DEMO) — Climatização
Eletrônicos de navegação,Garmin,SEM DADOS,SEM DADOS,"Guia de bordo (DEMO) — Eletrônicos Garmin, áudio Fusion e VHF 315"
Áudio,Fusion,SEM DADOS,SEM DADOS,"Guia de bordo (DEMO) — Eletrônicos Garmin, áudio Fusion e VHF 315"
Rádios VHF,SEM DADOS,VHF 315,SEM DADOS,"Guia de bordo (DEMO) — Eletrônicos Garmin, áudio Fusion e VHF 315"
EPIRB,SEM DADOS,SEM DADOS,SEM DADOS,SEM DADOS
Sistema de incêndio,Seafire,SEM DADOS,SEM DADOS,SEM DADOS
